WTeam,LTeam,WLoc
Boston Celtics,Philadelphia 76ers,H
Golden State Warriors,Oklahoma City Thunder,H
Milwaukee Bucks,Charlotte Hornets,V
Detroit Pistons,Brooklyn Nets,H
Indiana Pacers,Memphis Grizzlies,H
Orlando Magic,Miami Heat,H
New York Knicks,Atlanta Hawks,H
Toronto Raptors,Cleveland Cavaliers,H
New Orleans Pelicans,Houston Rockets,V
San Antonio Spurs,Minnesota Timberwolves,H
Utah Jazz,Sacramento Kings,V
Denver Nuggets,Los Angeles Clippers,V
Phoenix Suns,Dallas Mavericks,H
Philadelphia 76ers,Chicago Bulls,H
Miami Heat,Washington Wizards,V
Portland Trail Blazers,Los Angeles Lakers,H
Charlotte Hornets,Orlando Magic,V
Brooklyn Nets,New York Knicks,H
Memphis Grizzlies,Atlanta Hawks,H
Minnesota Timberwolves,Cleveland Cavaliers,H
New Orleans Pelicans,Sacramento Kings,H
Toronto Raptors,Boston Celtics,H
Milwaukee Bucks,Indiana Pacers,H
Los Angeles Clippers,Oklahoma City Thunder,H
Golden State Warriors,Utah Jazz,V
Indiana Pacers,Brooklyn Nets,H
Toronto Raptors,Washington Wizards,V
Boston Celtics,New York Knicks,V
Philadelphia 76ers,Orlando Magic,H
Detroit Pistons,Chicago Bulls,V
Charlotte Hornets,Miami Heat,V
Dallas Mavericks,Minnesota Timberwolves,H
Denver Nuggets,Phoenix Suns,H
Portland Trail Blazers,San Antonio Spurs,H
Houston Rockets,Los Angeles Lakers,V
Atlanta Hawks,Cleveland Cavaliers,V
Sacramento Kings,Oklahoma City Thunder,V
Denver Nuggets,Golden State Warriors,H
Los Angeles Clippers,Houston Rockets,H
Orlando Magic,Boston Celtics,V
Toronto Raptors,Charlotte Hornets,H
Milwaukee Bucks,New York Knicks,H
Minnesota Timberwolves,Indiana Pacers,H
Dallas Mavericks,Chicago Bulls,H
Memphis Grizzlies,Utah Jazz,V
Washington Wizards,Portland Trail Blazers,V
Golden State Warriors,Phoenix Suns,H
San Antonio Spurs,Los Angeles Lakers,V
Detroit Pistons,Philadelphia 76ers,H
New Orleans Pelicans,Los Angeles Clippers,H
Denver Nuggets,Sacramento Kings,H
Atlanta Hawks,Dallas Mavericks,H
Brooklyn Nets,Cleveland Cavaliers,V
Miami Heat,New York Knicks,H
Toronto Raptors,Minnesota Timberwolves,H
Chicago Bulls,Charlotte Hornets,H
Utah Jazz,Houston Rockets,V
Indiana Pacers,San Antonio Spurs,V
Milwaukee Bucks,Philadelphia 76ers,H
Los Angeles Lakers,Phoenix Suns,V
Sacramento Kings,Memphis Grizzlies,H
Golden State Warriors,Washington Wizards,H
Detroit Pistons,Cleveland Cavaliers,H
Portland Trail Blazers,Orlando Magic,V
Boston Celtics,Oklahoma City Thunder,V
Los Angeles Lakers,Denver Nuggets,H
Charlotte Hornets,Chicago Bulls,H
Golden State Warriors,New York Knicks,V
Toronto Raptors,Dallas Mavericks,H
Los Angeles Clippers,Houston Rockets,V
Milwaukee Bucks,Minnesota Timberwolves,V
New Orleans Pelicans,Brooklyn Nets,H
Sacramento Kings,Washington Wizards,H
Boston Celtics,Detroit Pistons,V
Utah Jazz,New Orleans Pelicans,V
Chicago Bulls,Atlanta Hawks,V
Indiana Pacers,Cleveland Cavaliers,V
Philadelphia 76ers,Charlotte Hornets,H
Memphis Grizzlies,Phoenix Suns,H
Miami Heat,Portland Trail Blazers,H
Milwaukee Bucks,Orlando Magic,H
San Antonio Spurs,Los Angeles Lakers,H
Golden State Warriors,Brooklyn Nets,V
Utah Jazz,Dallas Mavericks,V
Oklahoma City Thunder,Phoenix Suns,H
Los Angeles Clippers,Washington Wizards,H
Portland Trail Blazers,Indiana Pacers,V
Philadelphia 76ers,Atlanta Hawks,H
Sacramento Kings,Miami Heat,V
New York Knicks,Brooklyn Nets,H
Golden State Warriors,Chicago Bulls,V
Milwaukee Bucks,Toronto Raptors,H
Minnesota Timberwolves,Los Angeles Lakers,H
San Antonio Spurs,Dallas Mavericks,H
Denver Nuggets,New Orleans Pelicans,H
Charlotte Hornets,Miami Heat,H
Cleveland Cavaliers,Atlanta Hawks,H
Sacramento Kings,Orlando Magic,V
Boston Celtics,Detroit Pistons,H
Toronto Raptors,Philadelphia 76ers,H
Portland Trail Blazers,Houston Rockets,V
Memphis Grizzlies,Washington Wizards,H
Oklahoma City Thunder,Los Angeles Clippers,H
Brooklyn Nets,Detroit Pistons,H
Denver Nuggets,Chicago Bulls,V
Minnesota Timberwolves,Utah Jazz,H
Indiana Pacers,New York Knicks,V
Golden State Warriors,New Orleans Pelicans,H
Los Angeles Lakers,Dallas Mavericks,H
San Antonio Spurs,Phoenix Suns,V
Oklahoma City Thunder,Charlotte Hornets,V
Denver Nuggets,Cleveland Cavaliers,V
Philadelphia 76ers,Los Angeles Clippers,H
Sacramento Kings,Atlanta Hawks,V
Boston Celtics,Milwaukee Bucks,H
Portland Trail Blazers,New Orleans Pelicans,H
Los Angeles Clippers,Orlando Magic,V
Houston Rockets,Brooklyn Nets,V
Indiana Pacers,Chicago Bulls,V
Oklahoma City Thunder,Washington Wizards,V
New York Knicks,Dallas Mavericks,V
Memphis Grizzlies,Utah Jazz,V
Toronto Raptors,Phoenix Suns,V
Golden State Warriors,Minnesota Timberwolves,H
Philadelphia 76ers,Detroit Pistons,H
Charlotte Hornets,Cleveland Cavaliers,H
Indiana Pacers,Boston Celtics,H
Atlanta Hawks,Miami Heat,H
Houston Rockets,Chicago Bulls,V
San Antonio Spurs,New Orleans Pelicans,H
Denver Nuggets,Utah Jazz,H
Los Angeles Lakers,Portland Trail Blazers,V
Milwaukee Bucks,Sacramento Kings,H
Brooklyn Nets,Philadelphia 76ers,H
Washington Wizards,New York Knicks,H
Orlando Magic,San Antonio Spurs,V
Phoenix Suns,Memphis Grizzlies,H
Portland Trail Blazers,Minnesota Timberwolves,H
Toronto Raptors,Los Angeles Lakers,V
Miami Heat,Detroit Pistons,V
Houston Rockets,Indiana Pacers,V
Orlando Magic,Cleveland Cavaliers,H
Chicago Bulls,New York Knicks,V
Oklahoma City Thunder,New Orleans Pelicans,H
Denver Nuggets,Boston Celtics,H
Toronto Raptors,Utah Jazz,V
Golden State Warriors,Memphis Grizzlies,H
Los Angeles Clippers,Minnesota Timberwolves,H
Charlotte Hornets,Atlanta Hawks,H
Dallas Mavericks,Washington Wizards,H
Brooklyn Nets,Phoenix Suns,V
Portland Trail Blazers,Milwaukee Bucks,H
Oklahoma City Thunder,Cleveland Cavaliers,V
Detroit Pistons,Orlando Magic,V
New York Knicks,Atlanta Hawks,V
Miami Heat,San Antonio Spurs,H
Philadelphia 76ers,Indiana Pacers,V
Memphis Grizzlies,Denver Nuggets,H
New Orleans Pelicans,Chicago Bulls,H
Utah Jazz,Dallas Mavericks,H
Toronto Raptors,Sacramento Kings,V
Los Angeles Lakers,Minnesota Timberwolves,H
Oklahoma City Thunder,Houston Rockets,H
Boston Celtics,Phoenix Suns,V
Portland Trail Blazers,Los Angeles Clippers,H
Milwaukee Bucks,Golden State Warriors,V
Orlando Magic,Washington Wizards,H
Philadelphia 76ers,Charlotte Hornets,H
Detroit Pistons,Atlanta Hawks,V
Indiana Pacers,Miami Heat,V
Brooklyn Nets,Denver Nuggets,V
Utah Jazz,Boston Celtics,H
Sacramento Kings,Minnesota Timberwolves,H
Toronto Raptors,New York Knicks,H
Los Angeles Clippers,Milwaukee Bucks,H
New Orleans Pelicans,Phoenix Suns,H
Chicago Bulls,Cleveland Cavaliers,H
Memphis Grizzlies,Philadelphia 76ers,H
Washington Wizards,Miami Heat,V
Golden State Warriors,Brooklyn Nets,H
San Antonio Spurs,Houston Rockets,H
Dallas Mavericks,Oklahoma City Thunder,H
Los Angeles Lakers,Sacramento Kings,V
Charlotte Hornets,Detroit Pistons,V
Houston Rockets,Indiana Pacers,H
Orlando Magic,New York Knicks,V
Milwaukee Bucks,Denver Nuggets,V
Portland Trail Blazers,Boston Celtics,H
Los Angeles Lakers,Atlanta Hawks,H
Washington Wizards,Orlando Magic,H
Philadelphia 76ers,Miami Heat,V
New Orleans Pelicans,Toronto Raptors,V
Dallas Mavericks,Chicago Bulls,V
Utah Jazz,Memphis Grizzlies,V
Minnesota Timberwolves,Brooklyn Nets,H
Oklahoma City Thunder,Phoenix Suns,H
Sacramento Kings,San Antonio Spurs,H
Los Angeles Clippers,Golden State Warriors,H
Cleveland Cavaliers,Charlotte Hornets,H
Houston Rockets,Denver Nuggets,V
Golden State Warriors,Atlanta Hawks,H
Orlando Magic,Philadelphia 76ers,H
Washington Wizards,Cleveland Cavaliers,H
Boston Celtics,Chicago Bulls,H
Miami Heat,Brooklyn Nets,V
Detroit Pistons,Toronto Raptors,V
Memphis Grizzlies,Milwaukee Bucks,V
Minnesota Timberwolves,New Orleans Pelicans,H
Oklahoma City Thunder,New York Knicks,H
Dallas Mavericks,Utah Jazz,H
Phoenix Suns,San Antonio Spurs,H
Los Angeles Lakers,Portland Trail Blazers,H
Houston Rockets,Golden State Warriors,H
Denver Nuggets,Atlanta Hawks,H
Los Angeles Clippers,San Antonio Spurs,H
Boston Celtics,Toronto Raptors,H
Indiana Pacers,Miami Heat,H
Philadelphia 76ers,Utah Jazz,H
Brooklyn Nets,Washington Wizards,V
Memphis Grizzlies,Sacramento Kings,H
Minnesota Timberwolves,Portland Trail Blazers,H
New Orleans Pelicans,New York Knicks,H
Milwaukee Bucks,Chicago Bulls,H
Los Angeles Clippers,Brooklyn Nets,V
Philadelphia 76ers,Charlotte Hornets,V
Indiana Pacers,Atlanta Hawks,H
New Orleans Pelicans,Denver Nuggets,H
Orlando Magic,Los Angeles Lakers,H
Utah Jazz,Boston Celtics,V
Toronto Raptors,Chicago Bulls,V
Houston Rockets,Sacramento Kings,H
Dallas Mavericks,Golden State Warriors,H
Oklahoma City Thunder,Phoenix Suns,V
Memphis Grizzlies,Minnesota Timberwolves,V
Los Angeles Lakers,Miami Heat,V
Orlando Magic,New York Knicks,H
Portland Trail Blazers,Washington Wizards,V
San Antonio Spurs,Golden State Warriors,H
Charlotte Hornets,Boston Celtics,H
Detroit Pistons,Cleveland Cavaliers,H
Indiana Pacers,Utah Jazz,H
Philadelphia 76ers,Phoenix Suns,H
Los Angeles Clippers,Atlanta Hawks,V
Memphis Grizzlies,Dallas Mavericks,H
Milwaukee Bucks,Denver Nuggets,H
New Orleans Pelicans,San Antonio Spurs,H
Sacramento Kings,Oklahoma City Thunder,H
Toronto Raptors,Orlando Magic,V
Washington Wizards,Los Angeles Clippers,H
Brooklyn Nets,Miami Heat,V
Portland Trail Blazers,New York Knicks,V
Charlotte Hornets,Indiana Pacers,H
Philadelphia 76ers,New Orleans Pelicans,H
Toronto Raptors,Atlanta Hawks,V
New York Knicks,Boston Celtics,V
Chicago Bulls,Phoenix Suns,H
Los Angeles Lakers,Cleveland Cavaliers,V
Houston Rockets,Detroit Pistons,H
Milwaukee Bucks,Portland Trail Blazers,H
Denver Nuggets,Minnesota Timberwolves,V
Dallas Mavericks,Brooklyn Nets,H
Memphis Grizzlies,San Antonio Spurs,V
Sacramento Kings,Utah Jazz,V
Oklahoma City Thunder,Golden State Warriors,V
Minnesota Timberwolves,Brooklyn Nets,V
Los Angeles Clippers,Memphis Grizzlies,H
Detroit Pistons,Houston Rockets,H
Boston Celtics,Atlanta Hawks,V
New York Knicks,New Orleans Pelicans,H
Cleveland Cavaliers,Philadelphia 76ers,V
Toronto Raptors,Washington Wizards,H
Miami Heat,Chicago Bulls,V
San Antonio Spurs,Indiana Pacers,V
Oklahoma City Thunder,Charlotte Hornets,H
Phoenix Suns,Milwaukee Bucks,V
Denver Nuggets,Orlando Magic,H
Golden State Warriors,Portland Trail Blazers,H
Los Angeles Lakers,Utah Jazz,H
Cleveland Cavaliers,Houston Rockets,H
Minnesota Timberwolves,Chicago Bulls,H
Denver Nuggets,Oklahoma City Thunder,V
Washington Wizards,New Orleans Pelicans,H
Dallas Mavericks,Boston Celtics,H
Golden State Warriors,Sacramento Kings,H
Milwaukee Bucks,San Antonio Spurs,H
Orlando Magic,Los Angeles Lakers,V
Detroit Pistons,Phoenix Suns,H
Atlanta Hawks,Charlotte Hornets,H
Philadelphia 76ers,Brooklyn Nets,V
New York Knicks,Memphis Grizzlies,V
Toronto Raptors,Miami Heat,H
Utah Jazz,Sacramento Kings,V
Los Angeles Clippers,Portland Trail Blazers,V
Charlotte Hornets,Milwaukee Bucks,H
Minnesota Timberwolves,Cleveland Cavaliers,V
Washington Wizards,Houston Rockets,H
San Antonio Spurs,Chicago Bulls,V
Boston Celtics,New Orleans Pelicans,V
Indiana Pacers,Utah Jazz,V
Golden State Warriors,Orlando Magic,H
Detroit Pistons,New York Knicks,H
Atlanta Hawks,Miami Heat,V
Toronto Raptors,Memphis Grizzlies,V
Denver Nuggets,Los Angeles Lakers,H
Indiana Pacers,Phoenix Suns,V
Charlotte Hornets,Atlanta Hawks,H
Philadelphia 76ers,New York Knicks,H
Utah Jazz,Brooklyn Nets,V
Dallas Mavericks,Houston Rockets,V
Milwaukee Bucks,Chicago Bulls,H
Minnesota Timberwolves,San Antonio Spurs,H
New Orleans Pelicans,Washington Wizards,H
Oklahoma City Thunder,Cleveland Cavaliers,H
Portland Trail Blazers,Orlando Magic,H
Los Angeles Clippers,Phoenix Suns,H
Toronto Raptors,Golden State Warriors,H
Los Angeles Lakers,Indiana Pacers,H
Los Angeles Clippers,Sacramento Kings,V
Boston Celtics,Cleveland Cavaliers,H
Utah Jazz,Charlotte Hornets,V
Detroit Pistons,Chicago Bulls,H
Philadelphia 76ers,Washington Wizards,H
Memphis Grizzlies,Brooklyn Nets,V
Miami Heat,New Orleans Pelicans,H
Oklahoma City Thunder,Atlanta Hawks,H
Houston Rockets,San Antonio Spurs,V
Orlando Magic,Phoenix Suns,V
Los Angeles Lakers,Dallas Mavericks,H
Denver Nuggets,Portland Trail Blazers,V
New York Knicks,Milwaukee Bucks,H
Detroit Pistons,Golden State Warriors,H
Washington Wizards,Brooklyn Nets,H
Toronto Raptors,Cleveland Cavaliers,V
Houston Rockets,Chicago Bulls,H
Boston Celtics,Minnesota Timberwolves,V
Sacramento Kings,Indiana Pacers,H
Los Angeles Lakers,Phoenix Suns,H
New Orleans Pelicans,Charlotte Hornets,V
Miami Heat,Utah Jazz,H
Philadelphia 76ers,Memphis Grizzlies,H
Dallas Mavericks,Los Angeles Clippers,H
San Antonio Spurs,Portland Trail Blazers,H
Oklahoma City Thunder,Detroit Pistons,V
Golden State Warriors,Atlanta Hawks,V
Cleveland Cavaliers,Brooklyn Nets,V
Washington Wizards,New York Knicks,V
Denver Nuggets,Toronto Raptors,V
Minnesota Timberwolves,Houston Rockets,H
Los Angeles Clippers,New Orleans Pelicans,V
Indiana Pacers,Chicago Bulls,H
Orlando Magic,Miami Heat,V
Dallas Mavericks,Portland Trail Blazers,H
Sacramento Kings,Phoenix Suns,V
Utah Jazz,San Antonio Spurs,H
Golden State Warriors,Cleveland Cavaliers,V
Denver Nuggets,Orlando Magic,V
Washington Wizards,Atlanta Hawks,V
Oklahoma City Thunder,Brooklyn Nets,V
Memphis Grizzlies,Los Angeles Clippers,H
Milwaukee Bucks,Detroit Pistons,H
Minnesota Timberwolves,Charlotte Hornets,H
New Orleans Pelicans,Dallas Mavericks,H
Toronto Raptors,Philadelphia 76ers,H
Los Angeles Lakers,San Antonio Spurs,H
Boston Celtics,New York Knicks,H
Portland Trail Blazers,Phoenix Suns,H
Utah Jazz,Houston Rockets,H
Charlotte Hornets,Denver Nuggets,H
Philadelphia 76ers,Detroit Pistons,V
Indiana Pacers,Orlando Magic,V
Brooklyn Nets,Toronto Raptors,H
Sacramento Kings,Cleveland Cavaliers,V
Chicago Bulls,Oklahoma City Thunder,H
Memphis Grizzlies,New Orleans Pelicans,V
San Antonio Spurs,Los Angeles Lakers,H
Miami Heat,Phoenix Suns,V
Golden State Warriors,Milwaukee Bucks,V
Dallas Mavericks,Houston Rockets,H
Indiana Pacers,Sacramento Kings,H
Atlanta Hawks,Denver Nuggets,H
Cleveland Cavaliers,Washington Wizards,H
Brooklyn Nets,New York Knicks,V
Boston Celtics,Chicago Bulls,V
Los Angeles Lakers,Memphis Grizzlies,V
Portland Trail Blazers,Minnesota Timberwolves,H
Miami Heat,Los Angeles Clippers,V
New Orleans Pelicans,Detroit Pistons,V
Milwaukee Bucks,Toronto Raptors,V
San Antonio Spurs,Utah Jazz,H
Charlotte Hornets,New York Knicks,V
Indiana Pacers,Washington Wizards,H
Philadelphia 76ers,Detroit Pistons,H
Boston Celtics,New Orleans Pelicans,H
Sacramento Kings,Chicago Bulls,V
Milwaukee Bucks,Cleveland Cavaliers,H
Oklahoma City Thunder,Utah Jazz,H
Dallas Mavericks,Orlando Magic,H
Denver Nuggets,Memphis Grizzlies,H
Los Angeles Clippers,Phoenix Suns,V
Golden State Warriors,Minnesota Timberwolves,H
Los Angeles Lakers,Miami Heat,H
Houston Rockets,Portland Trail Blazers,H
San Antonio Spurs,Phoenix Suns,H
Toronto Raptors,Los Angeles Clippers,V
Charlotte Hornets,Detroit Pistons,H
Cleveland Cavaliers,New York Knicks,H
Indiana Pacers,Milwaukee Bucks,H
Brooklyn Nets,Philadelphia 76ers,V
Boston Celtics,Washington Wizards,V
Memphis Grizzlies,Portland Trail Blazers,H
New Orleans Pelicans,Oklahoma City Thunder,H
Dallas Mavericks,Atlanta Hawks,H
Utah Jazz,Miami Heat,H
Sacramento Kings,Minnesota Timberwolves,H
Toronto Raptors,Golden State Warriors,V
Houston Rockets,Los Angeles Lakers,H
San Antonio Spurs,Los Angeles Clippers,H
Orlando Magic,Chicago Bulls,H
Phoenix Suns,Dallas Mavericks,H
Boston Celtics,Atlanta Hawks,H
New York Knicks,Charlotte Hornets,V
Brooklyn Nets,Washington Wizards,H
Milwaukee Bucks,Cleveland Cavaliers,V
Indiana Pacers,Philadelphia 76ers,V
Miami Heat,Memphis Grizzlies,V
Denver Nuggets,Oklahoma City Thunder,H
Portland Trail Blazers,Toronto Raptors,H
Golden State Warriors,Sacramento Kings,V
Orlando Magic,Utah Jazz,H
Los Angeles Lakers,Charlotte Hornets,V
Detroit Pistons,Boston Celtics,H
Houston Rockets,Memphis Grizzlies,V
Chicago Bulls,San Antonio Spurs,V
Oklahoma City Thunder,Los Angeles Clippers,H
Phoenix Suns,Minnesota Timberwolves,H
Brooklyn Nets,Atlanta Hawks,H
Philadelphia 76ers,Cleveland Cavaliers,V
Indiana Pacers,New York Knicks,H
Washington Wizards,Los Angeles Lakers,H
Sacramento Kings,Dallas Mavericks,V
Miami Heat,New Orleans Pelicans,V
Denver Nuggets,Toronto Raptors,H
Milwaukee Bucks,Detroit Pistons,V
Phoenix Suns,New York Knicks,V
Houston Rockets,Utah Jazz,H
Minnesota Timberwolves,Sacramento Kings,H
Oklahoma City Thunder,Chicago Bulls,H
San Antonio Spurs,Philadelphia 76ers,H
Golden State Warriors,Memphis Grizzlies,H
Portland Trail Blazers,Los Angeles Clippers,V
Cleveland Cavaliers,Indiana Pacers,V
Atlanta Hawks,Washington Wizards,H
Brooklyn Nets,Los Angeles Lakers,H
Denver Nuggets,Dallas Mavericks,H
Charlotte Hornets,Cleveland Cavaliers,H
San Antonio Spurs,Orlando Magic,V
Philadelphia 76ers,New York Knicks,H
Phoenix Suns,Boston Celtics,V
Toronto Raptors,Indiana Pacers,H
Brooklyn Nets,Chicago Bulls,V
Houston Rockets,Washington Wizards,H
Milwaukee Bucks,New Orleans Pelicans,H
Detroit Pistons,Minnesota Timberwolves,V
Utah Jazz,Golden State Warriors,H
Portland Trail Blazers,Memphis Grizzlies,H
Oklahoma City Thunder,Sacramento Kings,V
Miami Heat,Houston Rockets,H
Los Angeles Clippers,Dallas Mavericks,H
Charlotte Hornets,Detroit Pistons,H
Toronto Raptors,Cleveland Cavaliers,H
Indiana Pacers,Brooklyn Nets,V
Atlanta Hawks,New York Knicks,V
Milwaukee Bucks,Boston Celtics,V
Chicago Bulls,Orlando Magic,H
San Antonio Spurs,Minnesota Timberwolves,H
Utah Jazz,Portland Trail Blazers,V
Sacramento Kings,Memphis Grizzlies,H
Los Angeles Lakers,New Orleans Pelicans,H
Los Angeles Clippers,Denver Nuggets,H
Washington Wizards,Phoenix Suns,H
Philadelphia 76ers,Toronto Raptors,H
Houston Rockets,San Antonio Spurs,H
Miami Heat,Milwaukee Bucks,H
Golden State Warriors,Dallas Mavericks,H
Oklahoma City Thunder,Utah Jazz,V
Atlanta Hawks,Detroit Pistons,V
Indiana Pacers,Washington Wizards,H
Boston Celtics,Charlotte Hornets,H
Brooklyn Nets,Phoenix Suns,H
Chicago Bulls,Cleveland Cavaliers,V
Miami Heat,Orlando Magic,V
Sacramento Kings,New Orleans Pelicans,H
Minnesota Timberwolves,Oklahoma City Thunder,V
Golden State Warriors,Los Angeles Clippers,H
Portland Trail Blazers,Dallas Mavericks,H
Memphis Grizzlies,Los Angeles Lakers,V
Milwaukee Bucks,New York Knicks,V
Houston Rockets,Oklahoma City Thunder,H
Boston Celtics,Philadelphia 76ers,H
Los Angeles Lakers,Golden State Warriors,V
Utah Jazz,Portland Trail Blazers,H
Detroit Pistons,Washington Wizards,H
Phoenix Suns,Orlando Magic,V
Indiana Pacers,Atlanta Hawks,V
Brooklyn Nets,Charlotte Hornets,H
Toronto Raptors,Miami Heat,V
Minnesota Timberwolves,Chicago Bulls,V
Memphis Grizzlies,Cleveland Cavaliers,H
Dallas Mavericks,New Orleans Pelicans,H
San Antonio Spurs,Denver Nuggets,H
Los Angeles Clippers,Sacramento Kings,H
Houston Rockets,Boston Celtics,H
Milwaukee Bucks,New York Knicks,H
Sacramento Kings,Los Angeles Lakers,H
Portland Trail Blazers,Golden State Warriors,V
Philadelphia 76ers,Utah Jazz,V
Charlotte Hornets,Brooklyn Nets,H
Indiana Pacers,Detroit Pistons,H
Orlando Magic,Toronto Raptors,H
Chicago Bulls,Washington Wizards,V
Miami Heat,Cleveland Cavaliers,H
Atlanta Hawks,Minnesota Timberwolves,V
New Orleans Pelicans,Dallas Mavericks,H
Denver Nuggets,San Antonio Spurs,H
Oklahoma City Thunder,Phoenix Suns,V
Los Angeles Clippers,Los Angeles Lakers,V
Milwaukee Bucks,Brooklyn Nets,H
Houston Rockets,New Orleans Pelicans,V
Washington Wizards,Charlotte Hornets,H
Atlanta Hawks,Cleveland Cavaliers,H
Boston Celtics,Memphis Grizzlies,V
Utah Jazz,New York Knicks,H
Denver Nuggets,Phoenix Suns,V
Golden State Warriors,Portland Trail Blazers,V
San Antonio Spurs,Los Angeles Clippers,V
Orlando Magic,Detroit Pistons,H
Minnesota Timberwolves,Miami Heat,V
Toronto Raptors,Chicago Bulls,H
Dallas Mavericks,Oklahoma City Thunder,H
Portland Trail Blazers,Philadelphia 76ers,H
Los Angeles Lakers,Sacramento Kings,H
Indiana Pacers,Atlanta Hawks,H
Charlotte Hornets,Orlando Magic,H
Houston Rockets,Memphis Grizzlies,H
San Antonio Spurs,Boston Celtics,H
New Orleans Pelicans,Minnesota Timberwolves,H
Oklahoma City Thunder,Dallas Mavericks,H
Golden State Warriors,Phoenix Suns,V
Toronto Raptors,Utah Jazz,H
Milwaukee Bucks,Detroit Pistons,H
Denver Nuggets,New York Knicks,H
Portland Trail Blazers,Sacramento Kings,V
Philadelphia 76ers,Los Angeles Clippers,V
Dallas Mavericks,Charlotte Hornets,V
Miami Heat,Cleveland Cavaliers,V
Washington Wizards,Atlanta Hawks,H
Brooklyn Nets,New Orleans Pelicans,H
Boston Celtics,Minnesota Timberwolves,H
Orlando Magic,Chicago Bulls,V
Detroit Pistons,Memphis Grizzlies,V
Philadelphia 76ers,Phoenix Suns,V
Oklahoma City Thunder,Los Angeles Lakers,V
San Antonio Spurs,Toronto Raptors,H
Denver Nuggets,Sacramento Kings,V
Houston Rockets,Golden State Warriors,V
Utah Jazz,Cleveland Cavaliers,V
Boston Celtics,Dallas Mavericks,H
Indiana Pacers,Chicago Bulls,V
Brooklyn Nets,Memphis Grizzlies,V
Miami Heat,Washington Wizards,H
Minnesota Timberwolves,Orlando Magic,H
Milwaukee Bucks,Atlanta Hawks,H
Los Angeles Clippers,Phoenix Suns,V
New York Knicks,Los Angeles Lakers,V
Oklahoma City Thunder,Portland Trail Blazers,V
Denver Nuggets,Charlotte Hornets,H
Utah Jazz,Detroit Pistons,V
Philadelphia 76ers,Dallas Mavericks,H
New Orleans Pelicans,Cleveland Cavaliers,V
Toronto Raptors,Milwaukee Bucks,V
San Antonio Spurs,Memphis Grizzlies,H
Portland Trail Blazers,Houston Rockets,H
Golden State Warriors,Sacramento Kings,V
Brooklyn Nets,Chicago Bulls,V
Los Angeles Clippers,Orlando Magic,H
Minnesota Timberwolves,Los Angeles Lakers,H
Atlanta Hawks,Miami Heat,H
Washington Wizards,Oklahoma City Thunder,V
Toronto Raptors,Indiana Pacers,H
Charlotte Hornets,Phoenix Suns,V
San Antonio Spurs,Detroit Pistons,V
Boston Celtics,Brooklyn Nets,H
Houston Rockets,Denver Nuggets,H
Milwaukee Bucks,Utah Jazz,H
New Orleans Pelicans,Memphis Grizzlies,H
Los Angeles Lakers,Dallas Mavericks,V
Portland Trail Blazers,New York Knicks,H
Sacramento Kings,Orlando Magic,H
Indiana Pacers,Cleveland Cavaliers,V
Philadelphia 76ers,Washington Wizards,H
Denver Nuggets,Miami Heat,V
Toronto Raptors,Atlanta Hawks,H
Minnesota Timberwolves,Oklahoma City Thunder,V
Phoenix Suns,Sacramento Kings,H
Golden State Warriors,New York Knicks,H
Los Angeles Clippers,Charlotte Hornets,H
Boston Celtics,Indiana Pacers,H
Washington Wizards,Philadelphia 76ers,H
Brooklyn Nets,Atlanta Hawks,H
Milwaukee Bucks,Houston Rockets,V
Memphis Grizzlies,San Antonio Spurs,H
New Orleans Pelicans,Cleveland Cavaliers,H
Dallas Mavericks,Phoenix Suns,H
Utah Jazz,Orlando Magic,H
Portland Trail Blazers,Chicago Bulls,H
Los Angeles Lakers,Detroit Pistons,H
Miami Heat,Boston Celtics,H
Denver Nuggets,Los Angeles Clippers,H
San Antonio Spurs,Oklahoma City Thunder,H
Sacramento Kings,Detroit Pistons,H
Atlanta Hawks,Philadelphia 76ers,V
Washington Wizards,Milwaukee Bucks,H
Indiana Pacers,New York Knicks,V
Toronto Raptors,Brooklyn Nets,H
Houston Rockets,Cleveland Cavaliers,H
Dallas Mavericks,Minnesota Timberwolves,V
Portland Trail Blazers,Charlotte Hornets,H
Utah Jazz,Los Angeles Lakers,H
Golden State Warriors,Chicago Bulls,H
Detroit Pistons,Los Angeles Clippers,V
Miami Heat,Memphis Grizzlies,H
Orlando Magic,Boston Celtics,H
Minnesota Timberwolves,New Orleans Pelicans,H
Oklahoma City Thunder,San Antonio Spurs,H
Phoenix Suns,Denver Nuggets,H
Sacramento Kings,Charlotte Hornets,H
Utah Jazz,Chicago Bulls,H
Philadelphia 76ers,New York Knicks,V
Toronto Raptors,Washington Wizards,V
Milwaukee Bucks,Atlanta Hawks,V
Orlando Magic,Houston Rockets,H
Golden State Warriors,Dallas Mavericks,V
Denver Nuggets,Portland Trail Blazers,H
Cleveland Cavaliers,Los Angeles Lakers,V
Brooklyn Nets,Boston Celtics,H
Houston Rockets,Memphis Grizzlies,H
Charlotte Hornets,San Antonio Spurs,V
Utah Jazz,Detroit Pistons,H
Sacramento Kings,Portland Trail Blazers,H
New Orleans Pelicans,Los Angeles Clippers,V
Indiana Pacers,Phoenix Suns,H
Philadelphia 76ers,Minnesota Timberwolves,H
Atlanta Hawks,Oklahoma City Thunder,H
Milwaukee Bucks,Miami Heat,H
Golden State Warriors,Denver Nuggets,V
Los Angeles Lakers,Chicago Bulls,H
Detroit Pistons,Orlando Magic,H
Boston Celtics,Toronto Raptors,H
Brooklyn Nets,Houston Rockets,V
Milwaukee Bucks,Memphis Grizzlies,V
San Antonio Spurs,Dallas Mavericks,V
Portland Trail Blazers,Cleveland Cavaliers,H
Golden State Warriors,New Orleans Pelicans,H
Utah Jazz,Los Angeles Clippers,V
Washington Wizards,New York Knicks,H
Charlotte Hornets,Sacramento Kings,H
Philadelphia 76ers,Indiana Pacers,V
Toronto Raptors,Phoenix Suns,H
Denver Nuggets,Chicago Bulls,H
Los Angeles Lakers,Oklahoma City Thunder,V
Boston Celtics,Memphis Grizzlies,H
Detroit Pistons,Miami Heat,H
Brooklyn Nets,Orlando Magic,V
San Antonio Spurs,Minnesota Timberwolves,V
Utah Jazz,Cleveland Cavaliers,H
Golden State Warriors,Los Angeles Clippers,V
Portland Trail Blazers,New Orleans Pelicans,H
Oklahoma City Thunder,Philadelphia 76ers,V
Charlotte Hornets,Phoenix Suns,H
Sacramento Kings,Detroit Pistons,V
Indiana Pacers,Dallas Mavericks,H
Milwaukee Bucks,Orlando Magic,V
Boston Celtics,Atlanta Hawks,V
Toronto Raptors,Memphis Grizzlies,H
Miami Heat,Chicago Bulls,V
Houston Rockets,Los Angeles Lakers,H
Denver Nuggets,Cleveland Cavaliers,H
Indiana Pacers,Charlotte Hornets,H
Minnesota Timberwolves,Phoenix Suns,H
Los Angeles Clippers,San Antonio Spurs,V
Oklahoma City Thunder,New York Knicks,V
Chicago Bulls,Cleveland Cavaliers,V
Milwaukee Bucks,Dallas Mavericks,H
Washington Wizards,Detroit Pistons,H
Orlando Magic,Atlanta Hawks,V
Brooklyn Nets,Sacramento Kings,H
New Orleans Pelicans,Memphis Grizzlies,V
Boston Celtics,Miami Heat,H
Philadelphia 76ers,Houston Rockets,H
Portland Trail Blazers,Utah Jazz,V
Golden State Warriors,Los Angeles Lakers,V
Toronto Raptors,Sacramento Kings,H
Oklahoma City Thunder,Portland Trail Blazers,H
Dallas Mavericks,Los Angeles Clippers,H
Minnesota Timberwolves,Phoenix Suns,V
Indiana Pacers,Toronto Raptors,H
Boston Celtics,Cleveland Cavaliers,H
Brooklyn Nets,Orlando Magic,H
Los Angeles Clippers,Miami Heat,V
Houston Rockets,New York Knicks,V
Atlanta Hawks,Chicago Bulls,V
Charlotte Hornets,Memphis Grizzlies,V
Detroit Pistons,New Orleans Pelicans,V
Philadelphia 76ers,San Antonio Spurs,H
Utah Jazz,Denver Nuggets,H
Oklahoma City Thunder,New Orleans Pelicans,H
Golden State Warriors,Washington Wizards,V
Portland Trail Blazers,Phoenix Suns,V
Minnesota Timberwolves,Los Angeles Lakers,V
Washington Wizards,Orlando Magic,V
Brooklyn Nets,New York Knicks,H
Miami Heat,Cleveland Cavaliers,V
Los Angeles Clippers,Chicago Bulls,V
Houston Rockets,Toronto Raptors,H
Sacramento Kings,Memphis Grizzlies,V
Dallas Mavericks,Detroit Pistons,H
Milwaukee Bucks,Charlotte Hornets,H
Denver Nuggets,Phoenix Suns,H
Utah Jazz,Minnesota Timberwolves,H
San Antonio Spurs,New Orleans Pelicans,V
Memphis Grizzlies,Indiana Pacers,H
Golden State Warriors,Boston Celtics,V
Denver Nuggets,Philadelphia 76ers,H
Portland Trail Blazers,Atlanta Hawks,H
Cleveland Cavaliers,Chicago Bulls,V
Los Angeles Clippers,Sacramento Kings,H
Oklahoma City Thunder,Milwaukee Bucks,H
Toronto Raptors,Dallas Mavericks,V
Houston Rockets,Orlando Magic,H
Utah Jazz,Minnesota Timberwolves,V
San Antonio Spurs,Washington Wizards,H
Miami Heat,New York Knicks,V
Los Angeles Lakers,Phoenix Suns,H
Charlotte Hornets,New York Knicks,H
Golden State Warriors,Indiana Pacers,V
Boston Celtics,Brooklyn Nets,H
Denver Nuggets,Memphis Grizzlies,V
Atlanta Hawks,Los Angeles Clippers,V
Cleveland Cavaliers,Washington Wizards,H
Milwaukee Bucks,Detroit Pistons,V
Oklahoma City Thunder,Orlando Magic,V
Brooklyn Nets,Chicago Bulls,H
New Orleans Pelicans,Houston Rockets,V
San Antonio Spurs,Phoenix Suns,H
Philadelphia 76ers,Los Angeles Lakers,V
Boston Celtics,Charlotte Hornets,H
Chicago Bulls,Miami Heat,V
Dallas Mavericks,New York Knicks,V
Minnesota Timberwolves,Memphis Grizzlies,H
Denver Nuggets,New Orleans Pelicans,V
Washington Wizards,Indiana Pacers,H
Sacramento Kings,Atlanta Hawks,H
Portland Trail Blazers,Utah Jazz,H
Detroit Pistons,Dallas Mavericks,H
Orlando Magic,Indiana Pacers,H
Milwaukee Bucks,Toronto Raptors,V
San Antonio Spurs,Brooklyn Nets,H
Philadelphia 76ers,Golden State Warriors,V
Los Angeles Lakers,Los Angeles Clippers,V
Charlotte Hornets,Memphis Grizzlies,H
Boston Celtics,New York Knicks,V
Oklahoma City Thunder,Miami Heat,V
Utah Jazz,Atlanta Hawks,H
Denver Nuggets,Houston Rockets,H
Los Angeles Clippers,Detroit Pistons,V
Charlotte Hornets,Chicago Bulls,H
Orlando Magic,Brooklyn Nets,H
Milwaukee Bucks,Washington Wizards,V
Dallas Mavericks,Cleveland Cavaliers,V
Indiana Pacers,Miami Heat,V
Golden State Warriors,Los Angeles Lakers,H
San Antonio Spurs,New Orleans Pelicans,H
Denver Nuggets,Minnesota Timberwolves,V
Atlanta Hawks,Phoenix Suns,V
Houston Rockets,Utah Jazz,V
Sacramento Kings,Philadelphia 76ers,H
Memphis Grizzlies,New York Knicks,V
Boston Celtics,Oklahoma City Thunder,H
Toronto Raptors,Los Angeles Clippers,H
Detroit Pistons,Denver Nuggets,H
Atlanta Hawks,Washington Wizards,V
Milwaukee Bucks,Brooklyn Nets,V
Indiana Pacers,New Orleans Pelicans,V
Houston Rockets,Phoenix Suns,V
Sacramento Kings,San Antonio Spurs,H
Los Angeles Clippers,Charlotte Hornets,V
Boston Celtics,Cleveland Cavaliers,V
Indiana Pacers,Los Angeles Lakers,H
Detroit Pistons,New York Knicks,V
Memphis Grizzlies,Minnesota Timberwolves,H
Oklahoma City Thunder,Orlando Magic,H
Toronto Raptors,Philadelphia 76ers,V
Miami Heat,Portland Trail Blazers,V
Brooklyn Nets,Denver Nuggets,H
New Orleans Pelicans,Chicago Bulls,V
Milwaukee Bucks,Washington Wizards,H
Dallas Mavericks,Charlotte Hornets,H
Utah Jazz,Phoenix Suns,H
Houston Rockets,Sacramento Kings,V
Golden State Warriors,San Antonio Spurs,H
Indiana Pacers,Los Angeles Clippers,H
Orlando Magic,Minnesota Timberwolves,H
Toronto Raptors,Atlanta Hawks,V
Los Angeles Lakers,Boston Celtics,V
Oklahoma City Thunder,Memphis Grizzlies,H
Portland Trail Blazers,San Antonio Spurs,H
Detroit Pistons,New York Knicks,H
Philadelphia 76ers,Denver Nuggets,H
Washington Wizards,Cleveland Cavaliers,H
Chicago Bulls,Brooklyn Nets,V
Milwaukee Bucks,Dallas Mavericks,V
Golden State Warriors,Phoenix Suns,V
New Orleans Pelicans,Minnesota Timberwolves,H
Sacramento Kings,Miami Heat,H
Utah Jazz,San Antonio Spurs,H
Indiana Pacers,Cleveland Cavaliers,H
Charlotte Hornets,Atlanta Hawks,V
Toronto Raptors,New York Knicks,V
Los Angeles Clippers,Boston Celtics,V
Washington Wizards,Chicago Bulls,V
Memphis Grizzlies,New Orleans Pelicans,H
Oklahoma City Thunder,Houston Rockets,V
Orlando Magic,Milwaukee Bucks,V
Dallas Mavericks,Portland Trail Blazers,H
Philadelphia 76ers,Los Angeles Lakers,H
Sacramento Kings,Phoenix Suns,H
Orlando Magic,Atlanta Hawks,V
Golden State Warriors,Miami Heat,H
Cleveland Cavaliers,New York Knicks,H
Detroit Pistons,Washington Wizards,H
Indiana Pacers,Charlotte Hornets,H
Toronto Raptors,Brooklyn Nets,H
Milwaukee Bucks,Chicago Bulls,V
Houston Rockets,Dallas Mavericks,H
Minnesota Timberwolves,Los Angeles Clippers,H
Oklahoma City Thunder,Portland Trail Blazers,H
Denver Nuggets,Miami Heat,H
Atlanta Hawks,Los Angeles Lakers,H
San Antonio Spurs,Memphis Grizzlies,V
Orlando Magic,New Orleans Pelicans,V
Boston Celtics,Philadelphia 76ers,V
Golden State Warriors,Utah Jazz,H
Brooklyn Nets,Cleveland Cavaliers,V
Milwaukee Bucks,Indiana Pacers,V
Boston Celtics,Detroit Pistons,H
Philadelphia 76ers,New York Knicks,V
Toronto Raptors,Washington Wizards,H
Chicago Bulls,Memphis Grizzlies,H
Minnesota Timberwolves,Houston Rockets,H
Miami Heat,Dallas Mavericks,V
Denver Nuggets,Sacramento Kings,H
Los Angeles Clippers,Phoenix Suns,H
Portland Trail Blazers,Golden State Warriors,H
Orlando Magic,Charlotte Hornets,H
New York Knicks,Atlanta Hawks,V
New Orleans Pelicans,Oklahoma City Thunder,H
Cleveland Cavaliers,Phoenix Suns,H
Philadelphia 76ers,Miami Heat,H
Portland Trail Blazers,Brooklyn Nets,V
Milwaukee Bucks,Boston Celtics,H
Golden State Warriors,Sacramento Kings,H
Los Angeles Lakers,Houston Rockets,H
Charlotte Hornets,Washington Wizards,H
Indiana Pacers,New Orleans Pelicans,H
Chicago Bulls,Orlando Magic,V
Toronto Raptors,San Antonio Spurs,H
Detroit Pistons,Atlanta Hawks,V
Minnesota Timberwolves,New York Knicks,V
Los Angeles Clippers,Memphis Grizzlies,V
Denver Nuggets,Dallas Mavericks,V
Oklahoma City Thunder,Utah Jazz,H
Portland Trail Blazers,Philadelphia 76ers,V
Atlanta Hawks,Phoenix Suns,H
Brooklyn Nets,Charlotte Hornets,V
Cleveland Cavaliers,Memphis Grizzlies,H
New Orleans Pelicans,Los Angeles Lakers,H
Indiana Pacers,Washington Wizards,V
Detroit Pistons,Miami Heat,V
Chicago Bulls,Boston Celtics,H
Sacramento Kings,Oklahoma City Thunder,V
Houston Rockets,Golden State Warriors,V
Milwaukee Bucks,Minnesota Timberwolves,H
Utah Jazz,Dallas Mavericks,H
Orlando Magic,Toronto Raptors,V
Denver Nuggets,Los Angeles Clippers,H
New York Knicks,San Antonio Spurs,H
Golden State Warriors,Charlotte Hornets,V
Portland Trail Blazers,Cleveland Cavaliers,V
Detroit Pistons,Indiana Pacers,H
Brooklyn Nets,San Antonio Spurs,H
Phoenix Suns,Miami Heat,V
Milwaukee Bucks,Chicago Bulls,V
Houston Rockets,Atlanta Hawks,H
Memphis Grizzlies,Los Angeles Lakers,H
Minnesota Timberwolves,Sacramento Kings,H
Philadelphia 76ers,New Orleans Pelicans,V
Los Angeles Clippers,Dallas Mavericks,H
New York Knicks,Orlando Magic,H
Toronto Raptors,Boston Celtics,H
Denver Nuggets,Oklahoma City Thunder,H
Houston Rockets,Charlotte Hornets,V
Atlanta Hawks,Minnesota Timberwolves,H
Washington Wizards,Brooklyn Nets,V
Miami Heat,Golden State Warriors,H
Portland Trail Blazers,Boston Celtics,V
Chicago Bulls,Memphis Grizzlies,V
Dallas Mavericks,Indiana Pacers,H
San Antonio Spurs,Detroit Pistons,H
Utah Jazz,Los Angeles Clippers,H
Milwaukee Bucks,Sacramento Kings,V
Los Angeles Lakers,New Orleans Pelicans,H
Indiana Pacers,Minnesota Timberwolves,H
Orlando Magic,Golden State Warriors,H
Cleveland Cavaliers,New York Knicks,V
Houston Rockets,Miami Heat,H
Philadelphia 76ers,Oklahoma City Thunder,V
Utah Jazz,Denver Nuggets,V
Chicago Bulls,Atlanta Hawks,V
Charlotte Hornets,Brooklyn Nets,V
Boston Celtics,Washington Wizards,H
Toronto Raptors,Portland Trail Blazers,H
New Orleans Pelicans,Phoenix Suns,V
Los Angeles Clippers,Sacramento Kings,V
Milwaukee Bucks,Los Angeles Lakers,V
Detroit Pistons,Cleveland Cavaliers,V
Orlando Magic,Indiana Pacers,V
Miami Heat,Brooklyn Nets,H
Memphis Grizzlies,Dallas Mavericks,V
Golden State Warriors,Philadelphia 76ers,V
San Antonio Spurs,Oklahoma City Thunder,H
New Orleans Pelicans,Denver Nuggets,V
Phoenix Suns,Los Angeles Lakers,H
Utah Jazz,Milwaukee Bucks,H
Portland Trail Blazers,Charlotte Hornets,V
Houston Rockets,Boston Celtics,V
Atlanta Hawks,Chicago Bulls,V
Los Angeles Clippers,New York Knicks,H
Cleveland Cavaliers,Orlando Magic,H
Detroit Pistons,Toronto Raptors,H
Washington Wizards,Minnesota Timberwolves,H
Oklahoma City Thunder,Memphis Grizzlies,H
Brooklyn Nets,Dallas Mavericks,H
Miami Heat,Atlanta Hawks,H
San Antonio Spurs,Denver Nuggets,H
Phoenix Suns,Milwaukee Bucks,H
New Orleans Pelicans,Utah Jazz,V
Sacramento Kings,New York Knicks,H
Los Angeles Clippers,Los Angeles Lakers,V
Indiana Pacers,Chicago Bulls,H
Philadelphia 76ers,Orlando Magic,H
Memphis Grizzlies,Portland Trail Blazers,H
Minnesota Timberwolves,Oklahoma City Thunder,H
Houston Rockets,Toronto Raptors,V
Boston Celtics,Golden State Warriors,V
Miami Heat,Charlotte Hornets,V
Detroit Pistons,Minnesota Timberwolves,H
Washington Wizards,Dallas Mavericks,H
San Antonio Spurs,Atlanta Hawks,V
Brooklyn Nets,Cleveland Cavaliers,H
Chicago Bulls,Philadelphia 76ers,H
Utah Jazz,New Orleans Pelicans,V
Phoenix Suns,New York Knicks,H
Boston Celtics,Sacramento Kings,V
Denver Nuggets,Los Angeles Lakers,V
Milwaukee Bucks,Indiana Pacers,H
Oklahoma City Thunder,Portland Trail Blazers,V
Charlotte Hornets,Washington Wizards,H
Orlando Magic,Dallas Mavericks,H
Detroit Pistons,Chicago Bulls,V
Houston Rockets,Philadelphia 76ers,H
Memphis Grizzlies,Utah Jazz,H
Miami Heat,Cleveland Cavaliers,H
Toronto Raptors,New Orleans Pelicans,V
Golden State Warriors,Denver Nuggets,H
Los Angeles Clippers,Oklahoma City Thunder,H
Sacramento Kings,New York Knicks,V
Brooklyn Nets,Atlanta Hawks,V
Minnesota Timberwolves,Washington Wizards,H
Boston Celtics,Los Angeles Lakers,V
Milwaukee Bucks,Charlotte Hornets,H
Portland Trail Blazers,Phoenix Suns,H
Detroit Pistons,Chicago Bulls,H
Toronto Raptors,Miami Heat,V
Philadelphia 76ers,Indiana Pacers,H
Atlanta Hawks,New Orleans Pelicans,H
Memphis Grizzlies,Orlando Magic,H
Houston Rockets,Dallas Mavericks,V
Minnesota Timberwolves,New York Knicks,H
San Antonio Spurs,Milwaukee Bucks,H
Phoenix Suns,Golden State Warriors,V
Cleveland Cavaliers,Toronto Raptors,H
Washington Wizards,Sacramento Kings,H
Brooklyn Nets,Detroit Pistons,H
Houston Rockets,Charlotte Hornets,H
Oklahoma City Thunder,Utah Jazz,V
Los Angeles Clippers,Boston Celtics,H
Indiana Pacers,New York Knicks,H
Philadelphia 76ers,Cleveland Cavaliers,H
Los Angeles Lakers,Chicago Bulls,V
San Antonio Spurs,Dallas Mavericks,V
Milwaukee Bucks,New Orleans Pelicans,V
Denver Nuggets,Minnesota Timberwolves,H
Portland Trail Blazers,Los Angeles Clippers,V
Oklahoma City Thunder,Brooklyn Nets,H
Washington Wizards,Orlando Magic,H
Atlanta Hawks,Memphis Grizzlies,H
Miami Heat,Detroit Pistons,H
Golden State Warriors,Houston Rockets,V
Utah Jazz,Phoenix Suns,V
Indiana Pacers,Oklahoma City Thunder,H
Orlando Magic,Cleveland Cavaliers,H
Boston Celtics,Sacramento Kings,H
Toronto Raptors,Los Angeles Lakers,H
Utah Jazz,Minnesota Timberwolves,H
Denver Nuggets,Dallas Mavericks,H
Detroit Pistons,Los Angeles Lakers,H
Philadelphia 76ers,Sacramento Kings,H
Charlotte Hornets,Washington Wizards,V
Houston Rockets,Phoenix Suns,H
Milwaukee Bucks,Miami Heat,V
Portland Trail Blazers,New Orleans Pelicans,V
San Antonio Spurs,New York Knicks,H
Los Angeles Clippers,Chicago Bulls,H
Boston Celtics,Atlanta Hawks,H
Phoenix Suns,New Orleans Pelicans,V
Washington Wizards,Memphis Grizzlies,H
Dallas Mavericks,Cleveland Cavaliers,H
Golden State Warriors,Oklahoma City Thunder,V
San Antonio Spurs,Portland Trail Blazers,H
Denver Nuggets,Indiana Pacers,H
Utah Jazz,Brooklyn Nets,H
New York Knicks,Los Angeles Lakers,H
Miami Heat,Charlotte Hornets,H
Philadelphia 76ers,Milwaukee Bucks,V
Detroit Pistons,Toronto Raptors,H
Orlando Magic,Atlanta Hawks,H
Sacramento Kings,Chicago Bulls,H
Houston Rockets,Minnesota Timberwolves,H
Los Angeles Clippers,Brooklyn Nets,H
Cleveland Cavaliers,Detroit Pistons,H
Utah Jazz,Washington Wizards,V
Denver Nuggets,Boston Celtics,V
Toronto Raptors,New York Knicks,H
Miami Heat,Oklahoma City Thunder,V
San Antonio Spurs,Golden State Warriors,H
New Orleans Pelicans,Dallas Mavericks,V
Chicago Bulls,Phoenix Suns,V
Portland Trail Blazers,Indiana Pacers,H
Philadelphia 76ers,Charlotte Hornets,V
Houston Rockets,Atlanta Hawks,V
Milwaukee Bucks,Los Angeles Lakers,H
Golden State Warriors,Minnesota Timberwolves,V
Brooklyn Nets,Sacramento Kings,V
Los Angeles Clippers,Indiana Pacers,H
Cleveland Cavaliers,Milwaukee Bucks,H
Orlando Magic,New Orleans Pelicans,H
Philadelphia 76ers,Boston Celtics,H
Utah Jazz,New York Knicks,V
Chicago Bulls,Washington Wizards,H
Memphis Grizzlies,Houston Rockets,H
Miami Heat,San Antonio Spurs,V
Toronto Raptors,Oklahoma City Thunder,V
Portland Trail Blazers,Dallas Mavericks,H
Charlotte Hornets,Minnesota Timberwolves,H
Denver Nuggets,Washington Wizards,V
Atlanta Hawks,Utah Jazz,H
Detroit Pistons,Phoenix Suns,V
Sacramento Kings,Dallas Mavericks,H
Golden State Warriors,Indiana Pacers,H
Orlando Magic,Memphis Grizzlies,H
Los Angeles Clippers,Cleveland Cavaliers,V
Denver Nuggets,New York Knicks,V
Oklahoma City Thunder,Toronto Raptors,V
Houston Rockets,San Antonio Spurs,H
Milwaukee Bucks,Miami Heat,H
Brooklyn Nets,Los Angeles Lakers,V
Charlotte Hornets,Boston Celtics,H
Miami Heat,Washington Wizards,V
Atlanta Hawks,Philadelphia 76ers,H
Utah Jazz,Chicago Bulls,V
Minnesota Timberwolves,Memphis Grizzlies,V
Dallas Mavericks,Golden State Warriors,V
Portland Trail Blazers,Detroit Pistons,H
Sacramento Kings,Phoenix Suns,H
Los Angeles Clippers,New York Knicks,V
Milwaukee Bucks,Cleveland Cavaliers,H
Indiana Pacers,Denver Nuggets,H
Charlotte Hornets,Toronto Raptors,V
Houston Rockets,New Orleans Pelicans,V
San Antonio Spurs,Boston Celtics,V
Golden State Warriors,Detroit Pistons,H
Los Angeles Lakers,Sacramento Kings,H
Orlando Magic,Philadelphia 76ers,H
Memphis Grizzlies,Oklahoma City Thunder,H
Utah Jazz,Phoenix Suns,H
Portland Trail Blazers,Brooklyn Nets,H
Charlotte Hornets,San Antonio Spurs,H
Boston Celtics,Cleveland Cavaliers,V
Orlando Magic,Miami Heat,V
Toronto Raptors,Chicago Bulls,H
Milwaukee Bucks,Houston Rockets,H
Los Angeles Clippers,Minnesota Timberwolves,V
Atlanta Hawks,New Orleans Pelicans,V
Sacramento Kings,Dallas Mavericks,V
Denver Nuggets,Detroit Pistons,H
Los Angeles Lakers,Washington Wizards,H
Portland Trail Blazers,Chicago Bulls,V
Golden State Warriors,Memphis Grizzlies,V
Oklahoma City Thunder,Indiana Pacers,H
Washington Wizards,Phoenix Suns,V
Utah Jazz,Los Angeles Lakers,H
Detroit Pistons,Orlando Magic,H
Philadelphia 76ers,Brooklyn Nets,H
Miami Heat,Dallas Mavericks,H
Toronto Raptors,New York Knicks,V
Houston Rockets,Denver Nuggets,H
Milwaukee Bucks,Los Angeles Clippers,H
New Orleans Pelicans,Sacramento Kings,H
San Antonio Spurs,Cleveland Cavaliers,H
Boston Celtics,Indiana Pacers,H
Portland Trail Blazers,Atlanta Hawks,V
Minnesota Timberwolves,Golden State Warriors,H
Denver Nuggets,Oklahoma City Thunder,V
Utah Jazz,Washington Wizards,H
Los Angeles Lakers,Charlotte Hornets,H
Los Angeles Clippers,Cleveland Cavaliers,H
Brooklyn Nets,Boston Celtics,H
Houston Rockets,Sacramento Kings,H
Detroit Pistons,Portland Trail Blazers,H
Orlando Magic,Indiana Pacers,V
Miami Heat,New York Knicks,V
Toronto Raptors,Chicago Bulls,V
Philadelphia 76ers,Minnesota Timberwolves,V
Memphis Grizzlies,Phoenix Suns,V
Atlanta Hawks,Milwaukee Bucks,H
Dallas Mavericks,Oklahoma City Thunder,V
Los Angeles Lakers,New Orleans Pelicans,V
Sacramento Kings,San Antonio Spurs,V
Washington Wizards,Denver Nuggets,V
Golden State Warriors,Charlotte Hornets,H
Los Angeles Clippers,Memphis Grizzlies,H
Indiana Pacers,Detroit Pistons,H
Boston Celtics,Miami Heat,H
Milwaukee Bucks,Brooklyn Nets,V
New York Knicks,Chicago Bulls,H
Toronto Raptors,Orlando Magic,H
Portland Trail Blazers,Minnesota Timberwolves,V
Dallas Mavericks,Philadelphia 76ers,H
Utah Jazz,Charlotte Hornets,H
Phoenix Suns,Cleveland Cavaliers,H
Oklahoma City Thunder,Los Angeles Lakers,H
San Antonio Spurs,Atlanta Hawks,H
Houston Rockets,Sacramento Kings,V
Golden State Warriors,Denver Nuggets,H
Indiana Pacers,Detroit Pistons,V
Orlando Magic,New York Knicks,H
Chicago Bulls,Washington Wizards,V
Atlanta Hawks,Philadelphia 76ers,H
Toronto Raptors,Brooklyn Nets,V
Boston Celtics,Miami Heat,V
Charlotte Hornets,New Orleans Pelicans,V
Minnesota Timberwolves,Dallas Mavericks,V
Denver Nuggets,San Antonio Spurs,H
Utah Jazz,Phoenix Suns,V
Portland Trail Blazers,Memphis Grizzlies,H
Houston Rockets,Los Angeles Clippers,V
Milwaukee Bucks,Philadelphia 76ers,V
Sacramento Kings,Cleveland Cavaliers,H
Golden State Warriors,Los Angeles Lakers,V
Charlotte Hornets,Toronto Raptors,H
Orlando Magic,Atlanta Hawks,H
San Antonio Spurs,Washington Wizards,V
Houston Rockets,New York Knicks,H
Boston Celtics,Indiana Pacers,V
Minnesota Timberwolves,Miami Heat,H
Oklahoma City Thunder,Detroit Pistons,H
Memphis Grizzlies,Dallas Mavericks,V
Utah Jazz,Sacramento Kings,H
Phoenix Suns,New Orleans Pelicans,H
Denver Nuggets,Portland Trail Blazers,H
Golden State Warriors,Cleveland Cavaliers,H
Los Angeles Lakers,Los Angeles Clippers,V
Brooklyn Nets,Milwaukee Bucks,V
Philadelphia 76ers,Chicago Bulls,V
Toronto Raptors,Miami Heat,H
San Antonio Spurs,Cleveland Cavaliers,V
Oklahoma City Thunder,Minnesota Timberwolves,V
Charlotte Hornets,Detroit Pistons,V
Brooklyn Nets,Indiana Pacers,V
Dallas Mavericks,Memphis Grizzlies,V
Houston Rockets,Phoenix Suns,H
Milwaukee Bucks,Atlanta Hawks,H
Orlando Magic,Boston Celtics,V
New York Knicks,Washington Wizards,H
Golden State Warriors,Los Angeles Clippers,H
Portland Trail Blazers,Denver Nuggets,H
New Orleans Pelicans,Sacramento Kings,V
Los Angeles Lakers,Utah Jazz,H
Charlotte Hornets,Cleveland Cavaliers,V
Detroit Pistons,Memphis Grizzlies,H
Boston Celtics,Washington Wizards,V
Miami Heat,Philadelphia 76ers,H
New York Knicks,Chicago Bulls,V
Toronto Raptors,Minnesota Timberwolves,V
Golden State Warriors,New Orleans Pelicans,V
Dallas Mavericks,Phoenix Suns,H
Utah Jazz,Denver Nuggets,H
Oklahoma City Thunder,Houston Rockets,H
Portland Trail Blazers,Los Angeles Lakers,V
Indiana Pacers,Atlanta Hawks,V
Brooklyn Nets,Miami Heat,H
Orlando Magic,Charlotte Hornets,V
Memphis Grizzlies,Golden State Warriors,H
Oklahoma City Thunder,Milwaukee Bucks,V
Detroit Pistons,New York Knicks,V
Philadelphia 76ers,Chicago Bulls,H
San Antonio Spurs,Dallas Mavericks,H
Denver Nuggets,Minnesota Timberwolves,H
Los Angeles Clippers,Utah Jazz,H
Portland Trail Blazers,Sacramento Kings,H
Brooklyn Nets,Philadelphia 76ers,V
Orlando Magic,Toronto Raptors,V
Golden State Warriors,Los Angeles Clippers,H
San Antonio Spurs,Denver Nuggets,V
Boston Celtics,Indiana Pacers,H
Portland Trail Blazers,Oklahoma City Thunder,H
Milwaukee Bucks,Detroit Pistons,H
Houston Rockets,Utah Jazz,H
Philadelphia 76ers,Brooklyn Nets,H
Los Angeles Clippers,Golden State Warriors,V
Toronto Raptors,Orlando Magic,H
Denver Nuggets,San Antonio Spurs,H
Portland Trail Blazers,Oklahoma City Thunder,H
Boston Celtics,Indiana Pacers,H
Milwaukee Bucks,Detroit Pistons,H
Houston Rockets,Utah Jazz,H
Philadelphia 76ers,Brooklyn Nets,V
San Antonio Spurs,Denver Nuggets,H
Golden State Warriors,Los Angeles Clippers,V
Toronto Raptors,Orlando Magic,V
Boston Celtics,Indiana Pacers,V
Oklahoma City Thunder,Portland Trail Blazers,H
Philadelphia 76ers,Brooklyn Nets,V
Denver Nuggets,San Antonio Spurs,V
Milwaukee Bucks,Detroit Pistons,V
Houston Rockets,Utah Jazz,V
Boston Celtics,Indiana Pacers,V
Golden State Warriors,Los Angeles Clippers,V
Toronto Raptors,Orlando Magic,V
Portland Trail Blazers,Oklahoma City Thunder,V
Milwaukee Bucks,Detroit Pistons,V
Utah Jazz,Houston Rockets,H
Toronto Raptors,Orlando Magic,H
Philadelphia 76ers,Brooklyn Nets,H
Denver Nuggets,San Antonio Spurs,H
Portland Trail Blazers,Oklahoma City Thunder,H
Houston Rockets,Utah Jazz,H
Los Angeles Clippers,Golden State Warriors,V
San Antonio Spurs,Denver Nuggets,H
Golden State Warriors,Los Angeles Clippers,V
Toronto Raptors,Philadelphia 76ers,H
Denver Nuggets,San Antonio Spurs,H
Boston Celtics,Milwaukee Bucks,V
Golden State Warriors,Houston Rockets,H
Philadelphia 76ers,Toronto Raptors,V
Denver Nuggets,Portland Trail Blazers,H
Milwaukee Bucks,Boston Celtics,H
Golden State Warriors,Houston Rockets,H
Portland Trail Blazers,Denver Nuggets,V
Philadelphia 76ers,Toronto Raptors,H
Milwaukee Bucks,Boston Celtics,V
Portland Trail Blazers,Denver Nuggets,H
Houston Rockets,Golden State Warriors,H
Toronto Raptors,Philadelphia 76ers,V
Denver Nuggets,Portland Trail Blazers,V
Milwaukee Bucks,Boston Celtics,V
Houston Rockets,Golden State Warriors,H
Toronto Raptors,Philadelphia 76ers,H
Denver Nuggets,Portland Trail Blazers,H
Milwaukee Bucks,Boston Celtics,H
Golden State Warriors,Houston Rockets,H
Philadelphia 76ers,Toronto Raptors,H
Portland Trail Blazers,Denver Nuggets,H
Golden State Warriors,Houston Rockets,V
Portland Trail Blazers,Denver Nuggets,V
Toronto Raptors,Philadelphia 76ers,H
Golden State Warriors,Portland Trail Blazers,H
Milwaukee Bucks,Toronto Raptors,H
Golden State Warriors,Portland Trail Blazers,H
Milwaukee Bucks,Toronto Raptors,H
Golden State Warriors,Portland Trail Blazers,V
Toronto Raptors,Milwaukee Bucks,H
Golden State Warriors,Portland Trail Blazers,V
Toronto Raptors,Milwaukee Bucks,H
Toronto Raptors,Milwaukee Bucks,V
Toronto Raptors,Milwaukee Bucks,H
Toronto Raptors,Golden State Warriors,H
Golden State Warriors,Toronto Raptors,V
Toronto Raptors,Golden State Warriors,V
Toronto Raptors,Golden State Warriors,V
Golden State Warriors,Toronto Raptors,V
Toronto Raptors,Golden State Warriors,V
